{
  "version": "3.0",
  "defaultProvider": "cdnjs",
  "libraries": [
    {
      "library": "bootstrap@5.3.7",
      "destination": "wwwroot/bootstrap/",
      "files": [
        "js/bootstrap.min.js",
        "scss/bootstrap.scss",
        "scss/bootstrap-grid.scss",
        "scss/bootstrap-reboot.scss",
        "scss/bootstrap-utilities.scss"
      ]
    },
    {
      "library": "jquery@3.7.1",
      "destination": "wwwroot/jquery/",
      "files": [
        "jquery.min.js"
      ]
    },
    {
      "library": "jquery-validate@1.21.0",
      "destination": "wwwroot/jquery-validate/",
      "files": [
        "jquery.validate.min.js"
      ]
    },
    {
      "library": "jquery-validation-unobtrusive@4.0.0",
      "destination": "wwwroot/jquery-validation-unobtrusive/",
      "files": [
        "jquery.validate.unobtrusive.min.js"
      ]
    }
  ]
}